kind,name,error,details,parentObject,namespace,reason,explanation
ConfigMap,kube-public/cluster-info,"[{'Text': 'ConfigMap cluster-info is not used by any pods in the namespace', 'KubernetesDoc': '', 'Sensitive': []}]","Error: ConfigMap ""cluster-info"" is not used by any pods in the namespace.

Solution:

1. Run `kubectl get cm cluster-info -o yaml` to view ConfigMap details.
2. Check if the ConfigMap is referenced in pod configurations using `kubectl get deployments,pods -o wide`.
3. If not, create a new deployment or update an existing one to reference the ConfigMap.
4. Verify that pods are now using the ConfigMap with `kubectl describe pod <pod_name>`.",,N/A,N/A,N/A
ConfigMap,kube-public/kube-root-ca.crt,"[{'Text': 'ConfigMap kube-root-ca.crt is not used by any pods in the namespace', 'KubernetesDoc': '', 'Sensitive': []}]","Error: ConfigMap kube-root-ca.crt is not used by any pods in the namespace.
Solution:

1. Check if the ConfigMap is correctly created and has a valid name.
2. Verify that the pod's deployment YAML file references the ConfigMap correctly.
3. Ensure the pod's service account has access to the ConfigMap.
4. Run `kubectl get cm kube-root-ca.crt -o yaml` to inspect the ConfigMap.",,N/A,N/A,N/A
